Query_7957783,CP027781.1,100.000,1220,0,0,1,1220,3988294,3989513,0.0,2254
Query_7957783,CP027780.1,100.000,1220,0,0,1,1220,43793,45012,0.0,2254
Query_7957783,CP027780.1,100.000,1220,0,0,1,1220,50483,51702,0.0,2254
Query_7957783,CP027780.1,100.000,1220,0,0,1,1220,58311,59530,0.0,2254
Query_7957783,CP027780.1,100.000,1220,0,0,1,1220,64243,65462,0.0,2254
Query_7957783,CP027780.1,100.000,1220,0,0,1,1220,70526,71745,0.0,2254
Query_7957783,CP027780.1,100.000,1220,0,0,1,1220,473671,474890,0.0,2254
Query_7957783,CP027780.1,100.000,1220,0,0,1,1220,3918504,3917285,0.0,2254
Query_7957783,CP027780.1,100.000,1220,0,0,1,1220,3923720,3922501,0.0,2254
Query_7957783,CP027780.1,99.918,1220,1,0,1,1220,10353,11572,0.0,2248
Query_7957783,CP013701.1,100.000,1220,0,0,1,1220,43793,45012,0.0,2254
Query_7957783,CP013701.1,100.000,1220,0,0,1,1220,50483,51702,0.0,2254
Query_7957783,CP013701.1,100.000,1220,0,0,1,1220,58311,59530,0.0,2254
Query_7957783,CP013701.1,100.000,1220,0,0,1,1220,64243,65462,0.0,2254
Query_7957783,CP013701.1,100.000,1220,0,0,1,1220,70526,71745,0.0,2254
Query_7957783,CP013701.1,100.000,1220,0,0,1,1220,473671,474890,0.0,2254
Query_7957783,CP013701.1,100.000,1220,0,0,1,1220,3918504,3917285,0.0,2254
Query_7957783,CP013701.1,100.000,1220,0,0,1,1220,3923720,3922501,0.0,2254
Query_7957783,CP013701.1,99.918,1220,1,0,1,1220,10353,11572,0.0,2248
Query_7957783,CP027779.1,100.000,1220,0,0,1,1220,3988223,3989442,0.0,2254
Query_7957783,CP027777.1,100.000,1220,0,0,1,1220,3983084,3984303,0.0,2254
Query_7957783,MG797700.1,99.918,1220,1,0,1,1220,5,1224,0.0,2248
Query_7957783,CP011663.1,99.918,1220,1,0,1,1220,4008454,4007235,0.0,2248
Query_7957783,CP011663.1,99.836,1220,2,0,1,1220,42787,44006,0.0,2242
Query_7957783,CP011663.1,99.836,1220,2,0,1,1220,49492,50711,0.0,2242
Query_7957783,CP011663.1,99.836,1220,2,0,1,1220,58749,59968,0.0,2242
Query_7957783,CP011663.1,99.836,1220,2,0,1,1220,64896,66115,0.0,2242
Query_7957783,CP011663.1,99.836,1220,2,0,1,1220,493436,494655,0.0,2242
Query_7957783,CP011663.1,99.754,1220,3,0,1,1220,9349,10568,0.0,2237
Query_7957783,CP011663.1,99.754,1220,3,0,1,1220,71179,72398,0.0,2237
Query_7957783,CP011663.1,99.754,1220,3,0,1,1220,4003241,4002022,0.0,2237
Query_7957783,CP013243.1,99.918,1220,1,0,1,1220,2276563,2275344,0.0,2248
Query_7957783,CP013243.1,99.836,1220,2,0,1,1220,1816623,1815404,0.0,2242
Query_7957783,CP013243.1,99.836,1220,2,0,1,1220,2499082,2500301,0.0,2242
Query_7957783,CP013243.1,99.754,1220,3,0,1,1220,2290617,2289398,0.0,2237
Query_7957783,CP013243.1,99.754,1220,3,0,1,1220,2297439,2296220,0.0,2237
Query_7957783,CP013243.1,99.672,1220,4,0,1,1220,2348837,2347618,0.0,2231
Query_7957783,CP013243.1,99.590,1220,5,0,1,1220,2282587,2281368,0.0,2226
Query_7957783,CP013243.1,99.508,1220,6,0,1,1220,2270227,2269008,0.0,2220
Query_7957783,CP009225.1,99.918,1220,1,0,1,1220,4007447,4006228,0.0,2248
Query_7957783,CP009225.1,99.836,1220,2,0,1,1220,42787,44006,0.0,2242
Query_7957783,CP009225.1,99.836,1220,2,0,1,1220,49492,50711,0.0,2242
Query_7957783,CP009225.1,99.836,1220,2,0,1,1220,58749,59968,0.0,2242
Query_7957783,CP009225.1,99.836,1220,2,0,1,1220,64896,66115,0.0,2242
Query_7957783,CP009225.1,99.836,1220,2,0,1,1220,493436,494655,0.0,2242
Query_7957783,CP009225.1,99.754,1220,3,0,1,1220,9349,10568,0.0,2237
Query_7957783,CP009225.1,99.754,1220,3,0,1,1220,71179,72398,0.0,2237
Query_7957783,CP009225.1,99.754,1220,3,0,1,1220,4002234,4001015,0.0,2237
Query_7957783,CP000727.1,99.836,1220,2,0,1,1220,55092,56311,0.0,2242
Query_7957783,CP000727.1,99.754,1220,3,0,1,1220,3624127,3622908,0.0,2237
Query_7957783,CP000727.1,99.672,1220,4,0,1,1220,63037,64256,0.0,2231
Query_7957783,CP000727.1,99.590,1220,5,0,1,1220,474359,475578,0.0,2226
Query_7957783,CP000727.1,99.590,1220,5,0,1,1220,3629352,3628133,0.0,2226
Query_7957783,CP000727.1,99.508,1220,6,0,1,1220,9278,10497,0.0,2220
Query_7957783,CP000727.1,99.508,1220,6,0,1,1220,48464,49683,0.0,2220
Query_7957783,CP000727.1,99.508,1220,6,0,1,1220,69319,70538,0.0,2220
Query_7957783,CP006902.1,99.836,1220,2,0,1,1220,2610214,2608995,0.0,2242
Query_7957783,CP006902.1,99.836,1220,2,0,1,1220,2619471,2618252,0.0,2242
Query_7957783,CP006902.1,99.754,1220,3,0,1,1220,2796663,2797882,0.0,2237
Query_7957783,CP006902.1,99.672,1220,4,0,1,1220,2763226,2764445,0.0,2231
Query_7957783,CP006902.1,99.672,1221,3,1,1,1220,3217321,3218541,0.0,2231
Query_7957783,CP013686.1,99.836,1220,2,0,1,1220,300626,299407,0.0,2242
Query_7957783,CP013686.1,99.754,1220,3,0,1,1220,295402,294183,0.0,2237
Query_7957783,CP013686.1,99.754,1220,3,0,1,1220,487097,488316,0.0,2237
Query_7957783,CP013686.1,99.754,1220,3,0,1,1220,495015,496234,0.0,2237
Query_7957783,CP013686.1,99.754,1220,3,0,1,1220,502074,503293,0.0,2237
Query_7957783,CP013686.1,99.672,1220,4,0,1,1220,441288,442507,0.0,2231
Query_7957783,CP013686.1,99.672,1220,4,0,1,1220,508353,509572,0.0,2231
Query_7957783,CP013686.1,99.672,1220,4,0,1,1220,919939,921158,0.0,2231
Query_7957783,CP013686.1,99.590,1220,5,0,1,1220,480485,481704,0.0,2226
Query_7957783,CP028859.1,99.836,1220,2,0,1,1220,55088,56307,0.0,2242
Query_7957783,CP028859.1,99.754,1220,3,0,1,1220,3783887,3782668,0.0,2237
Query_7957783,CP028859.1,99.672,1220,4,0,1,1220,76372,77591,0.0,2231
Query_7957783,CP028859.1,99.590,1220,5,0,1,1220,70091,71310,0.0,2226
Query_7957783,CP028859.1,99.590,1220,5,0,1,1220,490521,491740,0.0,2226
Query_7957783,CP028859.1,99.590,1220,5,0,1,1220,3789111,3787892,0.0,2226
Query_7957783,CP028859.1,99.508,1220,6,0,1,1220,9290,10509,0.0,2220
Query_7957783,CP028859.1,99.508,1220,6,0,1,1220,48476,49695,0.0,2220
Query_7957783,CP028859.1,99.508,1220,6,0,1,1220,63032,64251,0.0,2220
Query_7957783,CP000726.1,99.836,1220,2,0,1,1220,55092,56311,0.0,2242
Query_7957783,CP000726.1,99.754,1220,3,0,1,1220,3727018,3725799,0.0,2237
Query_7957783,CP000726.1,99.672,1220,4,0,1,1220,63036,64255,0.0,2231
Query_7957783,CP000726.1,99.590,1220,5,0,1,1220,453971,455190,0.0,2226
Query_7957783,CP000726.1,99.590,1220,5,0,1,1220,3732242,3731023,0.0,2226
Query_7957783,CP000726.1,99.508,1220,6,0,1,1220,9278,10497,0.0,2220
Query_7957783,CP000726.1,99.508,1220,6,0,1,1220,48464,49683,0.0,2220
Query_7957783,CP000726.1,99.508,1220,6,0,1,1220,69318,70537,0.0,2220
Query_7957783,CP121696.1,99.836,1220,2,0,1,1220,9302,10521,0.0,2242
Query_7957783,CP121696.1,99.836,1220,2,0,1,1220,44007,45226,0.0,2242
Query_7957783,CP121696.1,99.836,1220,2,0,1,1220,50762,51981,0.0,2242
Query_7957783,CP121696.1,99.836,1220,2,0,1,1220,58724,59943,0.0,2242
Query_7957783,CP121696.1,99.836,1220,2,0,1,1220,64761,65980,0.0,2242
Query_7957783,CP121696.1,99.836,1220,2,0,1,1220,71100,72319,0.0,2242
Query_7957783,CP121696.1,99.836,1220,2,0,1,1220,510063,511282,0.0,2242
Query_7957783,CP121696.1,99.836,1220,2,0,1,1220,3925721,3924502,0.0,2242
Query_7957783,CP121696.1,99.836,1220,2,0,1,1220,3931008,3929789,0.0,2242
Query_7957783,CP027776.1,99.836,1220,2,0,1,1220,4157092,4158311,0.0,2242
Query_7957783,CP014174.1,99.836,1220,2,0,1,1220,3898014,3896795,0.0,2242
Query_7957783,CP014174.1,99.754,1220,3,0,1,1220,62963,64182,0.0,2237
Query_7957783,CP014174.1,99.754,1220,3,0,1,1220,76246,77465,0.0,2237
Query_7957783,CP014174.1,99.672,1220,4,0,1,1220,48447,49666,0.0,2231
Query_7957783,CP014174.1,99.672,1220,4,0,1,1220,488080,489299,0.0,2231
Query_7957783,CP014174.1,99.672,1220,4,0,1,1220,3892791,3891572,0.0,2231
Query_7957783,CP014174.1,99.590,1220,5,0,1,1220,9248,10467,0.0,2226
Query_7957783,CP014174.1,99.590,1220,5,0,1,1220,55059,56278,0.0,2226
Query_7957783,CP014174.1,99.590,1220,5,0,1,1220,69967,71186,0.0,2226
Query_7957783,CP022405.1,99.836,1220,2,0,1,1220,9288,10507,0.0,2242
Query_7957783,CP022405.1,99.836,1220,2,0,1,1220,42844,44063,0.0,2242
Query_7957783,CP022405.1,99.836,1220,2,0,1,1220,49536,50755,0.0,2242
Query_7957783,CP022405.1,99.836,1220,2,0,1,1220,55504,56723,0.0,2242
Query_7957783,CP022405.1,99.836,1220,2,0,1,1220,61855,63074,0.0,2242
Query_7957783,CP022405.1,99.836,1220,2,0,1,1220,502269,503488,0.0,2242
Query_7957783,CP022405.1,99.836,1220,2,0,1,1220,3931610,3930391,0.0,2242
Query_7957783,CP022405.1,99.836,1220,2,0,1,1220,3936827,3935608,0.0,2242
Query_7957783,CP046450.1,99.836,1220,2,0,1,1220,2451566,2450347,0.0,2242
Query_7957783,CP046450.1,99.754,1220,3,0,1,1220,2642528,2643747,0.0,2237
Query_7957783,CP046450.1,99.672,1220,4,0,1,1220,2443622,2442403,0.0,2231
Query_7957783,CP046450.1,99.590,1220,5,0,1,1220,2017764,2016545,0.0,2226
Query_7957783,CP046450.1,99.590,1220,5,0,1,1220,2637304,2638523,0.0,2226
Query_7957783,CP046450.1,99.508,1220,6,0,1,1220,2430283,2429064,0.0,2220
Query_7957783,CP046450.1,99.508,1220,6,0,1,1220,2458194,2456975,0.0,2220
Query_7957783,CP046450.1,99.508,1220,5,1,1,1220,2436563,2435345,0.0,2218
Query_7957783,CP046450.1,99.426,1220,6,1,1,1220,2497379,2496161,0.0,2213
Query_7957783,CP013841.1,99.836,1220,2,0,1,1220,61611,62830,0.0,2242
Query_7957783,CP013841.1,99.590,1220,5,0,1,1220,54609,55828,0.0,2226
Query_7957783,CP013841.1,99.590,1220,5,0,1,1220,67890,69109,0.0,2226
Query_7957783,CP013841.1,99.590,1220,5,0,1,1220,507262,508481,0.0,2226
Query_7957783,CP013841.1,99.590,1220,5,0,1,1220,3768225,3767006,0.0,2226
Query_7957783,CP013841.1,99.590,1220,5,0,1,1220,3773385,3772166,0.0,2226
Query_7957783,CP013841.1,99.508,1220,6,0,1,1220,9367,10586,0.0,2220
Query_7957783,CP013841.1,99.508,1220,6,0,1,1220,48033,49252,0.0,2220
Query_7957783,CP013242.1,99.836,1220,2,0,1,1220,2915641,2914422,0.0,2242
Query_7957783,CP013242.1,99.836,1220,2,0,1,1220,3354557,3353338,0.0,2242
Query_7957783,CP013242.1,99.836,1220,2,0,1,1220,3360896,3359677,0.0,2242
Query_7957783,CP013242.1,99.836,1220,2,0,1,1220,3366934,3365715,0.0,2242
Query_7957783,CP013242.1,99.836,1220,2,0,1,1220,3374896,3373677,0.0,2242
Query_7957783,CP013242.1,99.836,1220,2,0,1,1220,3381651,3380432,0.0,2242
Query_7957783,CP013242.1,99.836,1220,2,0,1,1220,3416358,3415139,0.0,2242
Query_7957783,CP013242.1,99.836,1220,2,0,1,1220,3562693,3563912,0.0,2242
Query_7957783,CP013242.1,99.836,1220,2,0,1,1220,3567967,3569186,0.0,2242
Query_7957783,CP014219.1,99.836,1220,2,0,1,1220,3829068,3827849,0.0,2242
Query_7957783,CP014219.1,99.754,1220,3,0,1,1220,63394,64613,0.0,2237
Query_7957783,CP014219.1,99.754,1220,3,0,1,1220,76677,77896,0.0,2237
Query_7957783,CP014219.1,99.672,1220,4,0,1,1220,48878,50097,0.0,2231
Query_7957783,CP014219.1,99.672,1220,4,0,1,1220,488475,489694,0.0,2231
Query_7957783,CP014219.1,99.590,1220,5,0,1,1220,9679,10898,0.0,2226
Query_7957783,CP014219.1,99.590,1220,5,0,1,1220,55490,56709,0.0,2226
Query_7957783,CP014219.1,99.590,1220,5,0,1,1220,70398,71617,0.0,2226
Query_7957783,CP014219.1,99.590,1220,4,1,1,1220,3823845,3822627,0.0,2224
Query_7957783,CP000962.1,99.836,1220,2,0,1,1220,9254,10473,0.0,2242
Query_7957783,CP000962.1,99.836,1220,2,0,1,1220,42655,43874,0.0,2242
Query_7957783,CP000962.1,99.836,1220,2,0,1,1220,49194,50413,0.0,2242
Query_7957783,CP000962.1,99.836,1220,2,0,1,1220,57071,58290,0.0,2242
Query_7957783,CP000962.1,99.836,1220,2,0,1,1220,64075,65294,0.0,2242
Query_7957783,CP000962.1,99.754,1220,3,0,1,1220,70355,71574,0.0,2237
Query_7957783,CP000962.1,99.754,1220,3,0,1,1220,3856836,3855617,0.0,2237
Query_7957783,CP000962.1,99.672,1220,4,0,1,1220,3851622,3850403,0.0,2231
Query_7957783,CP000962.1,99.590,1220,5,0,1,1220,503183,504402,0.0,2226
Query_7957783,CP083649.1,99.836,1220,2,0,1,1220,697190,695971,0.0,2242
Query_7957783,CP083649.1,99.836,1220,2,0,1,1220,1111750,1110531,0.0,2242
Query_7957783,CP083649.1,99.836,1220,2,0,1,1220,1127838,1126619,0.0,2242
Query_7957783,CP083649.1,99.836,1220,2,0,1,1220,1305173,1306392,0.0,2242
Query_7957783,CP083649.1,99.754,1220,3,0,1,1220,1105396,1104177,0.0,2237
Query_7957783,CP083649.1,99.754,1220,3,0,1,1220,1121078,1119859,0.0,2237
Query_7957783,CP083649.1,99.754,1220,3,0,1,1220,1310387,1311606,0.0,2237
Query_7957783,CP083649.1,99.672,1220,4,0,1,1220,1161283,1160064,0.0,2231
Query_7957783,CP028842.1,99.836,1220,2,0,1,1220,55107,56326,0.0,2242
Query_7957783,CP028842.1,99.754,1220,3,0,1,1220,3722079,3720860,0.0,2237
Query_7957783,CP028842.1,99.672,1220,4,0,1,1220,63051,64270,0.0,2231
Query_7957783,CP028842.1,99.590,1220,5,0,1,1220,70110,71329,0.0,2226
Query_7957783,CP028842.1,99.590,1220,5,0,1,1220,490428,491647,0.0,2226
Query_7957783,CP028842.1,99.590,1220,5,0,1,1220,3727303,3726084,0.0,2226
Query_7957783,CP028842.1,99.508,1220,6,0,1,1220,9293,10512,0.0,2220
Query_7957783,CP028842.1,99.508,1220,6,0,1,1220,48479,49698,0.0,2220
Query_7957783,CP028842.1,99.508,1220,6,0,1,1220,76391,77610,0.0,2220
Query_7957783,CP013850.1,99.836,1220,2,0,1,1220,3921221,3920002,0.0,2242
Query_7957783,CP013850.1,99.754,1220,3,0,1,1220,64114,65333,0.0,2237
Query_7957783,CP013850.1,99.754,1220,3,0,1,1220,77397,78616,0.0,2237
Query_7957783,CP013850.1,99.672,1220,4,0,1,1220,49598,50817,0.0,2231
Query_7957783,CP013850.1,99.672,1220,4,0,1,1220,489159,490378,0.0,2231
Query_7957783,CP013850.1,99.672,1220,4,0,1,1220,3915998,3914779,0.0,2231
Query_7957783,CP013850.1,99.590,1220,5,0,1,1220,10399,11618,0.0,2226
Query_7957783,CP013850.1,99.590,1220,5,0,1,1220,56210,57429,0.0,2226
Query_7957783,CP013850.1,99.590,1220,5,0,1,1220,71118,72337,0.0,2226
Query_7957783,CP027775.1,99.836,1220,2,0,1,1220,3998103,3999322,0.0,2242
Query_7957783,CP022397.1,99.836,1220,2,0,1,1220,9263,10482,0.0,2242
Query_7957783,CP022397.1,99.836,1220,2,0,1,1220,48462,49681,0.0,2242
Query_7957783,CP022397.1,99.836,1220,2,0,1,1220,69983,71202,0.0,2242
Query_7957783,CP022397.1,99.836,1220,2,0,1,1220,3905513,3904294,0.0,2242
Query_7957783,CP022397.1,99.754,1220,3,0,1,1220,55074,56293,0.0,2237
Query_7957783,CP022397.1,99.754,1220,3,0,1,1220,62979,64198,0.0,2237
Query_7957783,CP022397.1,99.754,1220,3,0,1,1220,76263,77482,0.0,2237
Query_7957783,CP022397.1,99.754,1220,3,0,1,1220,488139,489358,0.0,2237
Query_7957783,CP022397.1,99.754,1220,3,0,1,1220,3900289,3899070,0.0,2237
Query_7957783,CP090904.1,99.836,1220,2,0,1,1220,9238,10457,0.0,2242
Query_7957783,CP090904.1,99.836,1220,2,0,1,1220,42680,43899,0.0,2242
Query_7957783,CP090904.1,99.836,1220,2,0,1,1220,49385,50604,0.0,2242
Query_7957783,CP090904.1,99.836,1220,2,0,1,1220,58713,59932,0.0,2242
Query_7957783,CP090904.1,99.836,1220,2,0,1,1220,64860,66079,0.0,2242
Query_7957783,CP090904.1,99.836,1220,2,0,1,1220,71214,72433,0.0,2242
Query_7957783,CP090904.1,99.836,1220,2,0,1,1220,488069,489288,0.0,2242
Query_7957783,CP090904.1,99.754,1220,3,0,1,1220,4013651,4012432,0.0,2237
Query_7957783,CP090904.1,99.754,1220,3,0,1,1220,4018865,4017646,0.0,2237
Query_7957783,CP013705.1,99.836,1220,2,0,1,1220,101966,100747,0.0,2242
Query_7957783,CP013705.1,99.836,1220,2,0,1,1220,303255,304474,0.0,2242
Query_7957783,CP013705.1,99.754,1220,3,0,1,1220,108969,107750,0.0,2237
Query_7957783,CP013705.1,99.754,1220,3,0,1,1220,116886,115667,0.0,2237
Query_7957783,CP013705.1,99.754,1220,3,0,1,1220,162687,161468,0.0,2237
Query_7957783,CP013705.1,99.754,1220,3,0,1,1220,308479,309698,0.0,2237
Query_7957783,CP013705.1,99.754,1220,3,0,1,1220,3669212,3667993,0.0,2237
Query_7957783,CP013705.1,99.590,1220,5,0,1,1220,95687,94468,0.0,2226
Query_7957783,CP013705.1,99.590,1220,5,0,1,1220,123498,122279,0.0,2226
Query_7957783,KY322712.1,99.918,1217,1,0,4,1220,1,1217,0.0,2242
Query_7957783,CP082943.1,99.836,1220,2,0,1,1220,3687186,3685967,0.0,2242
Query_7957783,CP082943.1,99.836,1220,2,0,1,1220,3692400,3691181,0.0,2242
Query_7957783,CP082943.1,99.836,1220,2,0,1,1220,3837627,3838846,0.0,2242
Query_7957783,CP082943.1,99.836,1220,2,0,1,1220,3871065,3872284,0.0,2242
Query_7957783,CP082943.1,99.754,1220,3,0,1,1220,237565,238784,0.0,2237
Query_7957783,CP084367.1,99.836,1220,2,0,1,1220,3575161,3573942,0.0,2242
Query_7957783,CP084367.1,99.836,1220,2,0,1,1220,3580375,3579156,0.0,2242
Query_7957783,CP084367.1,99.836,1220,2,0,1,1220,3724325,3725544,0.0,2242
Query_7957783,CP084367.1,99.836,1220,2,0,1,1220,3757763,3758982,0.0,2242
Query_7957783,CP084367.1,99.836,1220,2,0,1,1220,3764468,3765687,0.0,2242
Query_7957783,CP084367.1,99.836,1220,2,0,1,1220,3773725,3774944,0.0,2242
Query_7957783,CP084367.1,99.836,1220,2,0,1,1220,3779872,3781091,0.0,2242
Query_7957783,CP084367.1,99.836,1220,2,0,1,1220,3786226,3787445,0.0,2242
Query_7957783,CP084367.1,99.754,1220,3,0,1,1220,50208,51427,0.0,2237
Query_7957783,CP013843.1,99.836,1220,2,0,1,1220,57155,58374,0.0,2242
Query_7957783,CP013843.1,99.836,1220,2,0,1,1220,3814201,3812982,0.0,2242
Query_7957783,CP013843.1,99.754,1220,3,0,1,1220,70438,71657,0.0,2237
Query_7957783,CP013843.1,99.672,1220,4,0,1,1220,42625,43844,0.0,2231
Query_7957783,CP013843.1,99.672,1220,4,0,1,1220,482168,483387,0.0,2231
Query_7957783,CP013843.1,99.672,1220,4,0,1,1220,3808978,3807759,0.0,2231
Query_7957783,CP013843.1,99.590,1220,5,0,1,1220,9233,10452,0.0,2226
Query_7957783,CP013843.1,99.590,1220,5,0,1,1220,49237,50456,0.0,2226
Query_7957783,CP013843.1,99.590,1220,5,0,1,1220,64159,65378,0.0,2226
Query_7957783,CP006908.1,99.754,1220,3,0,1,1220,362020,360801,0.0,2237
Query_7957783,CP006908.1,99.672,1220,4,0,1,1220,376669,375450,0.0,2231
Query_7957783,CP006908.1,99.590,1220,5,0,1,1220,348629,347410,0.0,2226
Query_7957783,CP006908.1,99.590,1220,5,0,1,1220,549986,551205,0.0,2226
Query_7957783,CP006908.1,99.590,1220,4,1,1,1220,354962,353744,0.0,2224
Query_7957783,CP006908.1,99.509,1221,5,1,1,1220,409710,408490,0.0,2220
Query_7957783,CP006908.1,99.426,1220,7,0,1,1220,4017403,4016184,0.0,2215
Query_7957783,CP006908.1,97.302,1223,27,6,1,1220,370016,368797,0.0,2071
Query_7957783,AP014696.1,99.754,1220,3,0,1,1220,57601,58820,0.0,2237
Query_7957783,AP014696.1,99.754,1220,3,0,1,1220,70885,72104,0.0,2237
Query_7957783,AP014696.1,99.754,1220,3,0,1,1220,509854,511073,0.0,2237
Query_7957783,AP014696.1,99.672,1220,4,0,1,1220,3770436,3769217,0.0,2231
Query_7957783,AP014696.1,99.590,1220,5,0,1,1220,9679,10898,0.0,2226
Query_7957783,AP014696.1,99.590,1220,5,0,1,1220,43072,44291,0.0,2226
Query_7957783,AP014696.1,99.590,1220,5,0,1,1220,64605,65824,0.0,2226
Query_7957783,AP014696.1,99.590,1221,4,1,1,1220,77738,78958,0.0,2226
Query_7957783,AP014696.1,99.508,1220,6,0,1,1220,3765215,3763996,0.0,2220
Query_7957783,AP014696.1,99.426,1220,7,0,1,1220,49684,50903,0.0,2215
Query_7957783,CP013845.1,99.754,1220,3,0,1,1220,50036,51255,0.0,2237
Query_7957783,CP013845.1,99.672,1220,4,0,1,1220,491228,492447,0.0,2231
Query_7957783,CP013845.1,99.590,1220,5,0,1,1220,58029,59248,0.0,2226
Query_7957783,CP013845.1,99.590,1220,5,0,1,1220,71425,72644,0.0,2226
Query_7957783,CP013845.1,99.508,1220,6,0,1,1220,10339,11558,0.0,2220
Query_7957783,CP013845.1,99.508,1220,6,0,1,1220,43380,44599,0.0,2220
Query_7957783,CP013845.1,99.508,1220,6,0,1,1220,3786915,3785696,0.0,2220
Query_7957783,CP013845.1,99.508,1220,6,0,1,1220,3792137,3790918,0.0,2220
Query_7957783,CP013845.1,99.426,1220,7,0,1,1220,65089,66308,0.0,2215
Query_7957783,MK720988.1,99.836,1217,2,0,4,1220,1,1217,0.0,2237
Query_7957783,NR_029231.1,99.836,1217,2,0,4,1220,1,1217,0.0,2237
Query_7957783,CP068960.1,99.754,1220,3,0,1,1220,3679221,3678002,0.0,2237
Query_7957783,CP068960.1,99.672,1220,4,0,1,1220,56409,57628,0.0,2231
Query_7957783,CP068960.1,99.590,1220,5,0,1,1220,447344,448563,0.0,2226
Query_7957783,CP068960.1,99.590,1220,5,0,1,1220,3684444,3683225,0.0,2226
Query_7957783,CP068960.1,99.508,1220,6,0,1,1220,9278,10497,0.0,2220
Query_7957783,CP068960.1,99.508,1220,6,0,1,1220,48464,49683,0.0,2220
Query_7957783,CP068960.1,99.508,1220,6,0,1,1220,62691,63910,0.0,2220
Query_7957783,CP143870.1,99.754,1220,3,0,1,1220,3751284,3750065,0.0,2237
Query_7957783,CP143870.1,99.672,1220,4,0,1,1220,55078,56297,0.0,2231
Query_7957783,CP143870.1,99.672,1220,4,0,1,1220,63176,64395,0.0,2231
Query_7957783,CP143870.1,99.590,1220,5,0,1,1220,70235,71454,0.0,2226
Query_7957783,CP143870.1,99.590,1220,5,0,1,1220,3756508,3755289,0.0,2226
Query_7957783,CP143870.1,99.508,1220,6,0,1,1220,9263,10482,0.0,2220
Query_7957783,CP143870.1,99.508,1220,6,0,1,1220,48450,49669,0.0,2220
Query_7957783,CP143870.1,99.508,1220,6,0,1,1220,76516,77735,0.0,2220
Query_7957783,CP143870.1,99.508,1220,6,0,1,1220,489042,490261,0.0,2220
Query_7957783,CP096041.1,99.754,1220,3,0,1,1220,54530,55749,0.0,2237
Query_7957783,CP096041.1,99.754,1220,3,0,1,1220,62396,63615,0.0,2237
Query_7957783,CP096041.1,99.672,1220,4,0,1,1220,522718,523937,0.0,2231
Query_7957783,CP096041.1,99.672,1220,4,0,1,1220,3955452,3954233,0.0,2231
Query_7957783,CP096041.1,99.590,1221,4,1,1,1220,47972,49192,0.0,2226
Query_7957783,CP096041.1,99.590,1220,5,0,1,1220,69401,70620,0.0,2226
Query_7957783,CP096041.1,99.590,1220,5,0,1,1220,75681,76900,0.0,2226
Query_7957783,CP096041.1,99.590,1220,5,0,1,1220,3950230,3949011,0.0,2226
Query_7957783,CP096041.1,99.345,1221,7,1,1,1220,9303,10523,0.0,2209
Query_7957783,FR773526.1,99.754,1220,3,0,1,1220,3782965,3781746,0.0,2237
Query_7957783,FR773526.1,99.672,1220,4,0,1,1220,3788191,3786972,0.0,2231
Query_7957783,FR773526.1,99.590,1220,5,0,1,1220,9242,10461,0.0,2226
Query_7957783,FR773526.1,99.590,1220,5,0,1,1220,49179,50398,0.0,2226
Query_7957783,FR773526.1,99.590,1220,5,0,1,1220,64046,65265,0.0,2226
Query_7957783,FR773526.1,99.590,1220,5,0,1,1220,70328,71547,0.0,2226
Query_7957783,FR773526.1,99.508,1220,6,0,1,1220,42641,43860,0.0,2220
Query_7957783,FR773526.1,99.508,1220,6,0,1,1220,57040,58259,0.0,2220
Query_7957783,FR773526.1,99.508,1220,6,0,1,1220,517354,518573,0.0,2220
Query_7957783,AM412317.1,99.754,1220,3,0,1,1220,3751029,3749810,0.0,2237
Query_7957783,AM412317.1,99.672,1220,4,0,1,1220,55077,56296,0.0,2231
Query_7957783,AM412317.1,99.672,1220,4,0,1,1220,63175,64394,0.0,2231
Query_7957783,AM412317.1,99.590,1220,5,0,1,1220,70234,71453,0.0,2226
Query_7957783,AM412317.1,99.590,1220,5,0,1,1220,489034,490253,0.0,2226
Query_7957783,AM412317.1,99.590,1220,5,0,1,1220,3756253,3755034,0.0,2226
Query_7957783,AM412317.1,99.508,1220,6,0,1,1220,9263,10482,0.0,2220
Query_7957783,AM412317.1,99.508,1220,6,0,1,1220,48449,49668,0.0,2220
Query_7957783,AM412317.1,99.508,1220,6,0,1,1220,76515,77734,0.0,2220
Query_7957783,CP013246.1,99.754,1220,3,0,1,1220,2414116,2415335,0.0,2237
Query_7957783,CP013246.1,99.754,1220,3,0,1,1220,2421982,2423201,0.0,2237
Query_7957783,CP013246.1,99.672,1220,4,0,1,1220,2228338,2227119,0.0,2231
Query_7957783,CP013246.1,99.672,1220,4,0,1,1220,2407559,2408778,0.0,2231
Query_7957783,CP013246.1,99.672,1220,4,0,1,1220,2888554,2889773,0.0,2231
Query_7957783,CP013246.1,99.590,1220,5,0,1,1220,2223116,2221897,0.0,2226
Query_7957783,CP013246.1,99.590,1220,5,0,1,1220,2435249,2436468,0.0,2226
Query_7957783,CP013246.1,99.426,1220,7,0,1,1220,2368891,2370110,0.0,2215
Query_7957783,CP013246.1,98.934,1220,5,8,1,1220,2428987,2430198,0.0,2174
Query_7957783,X68189.1,99.836,1217,2,0,4,1220,8,1224,0.0,2237
Query_7957783,CP014151.1,99.754,1220,3,0,1,1220,3792177,3790958,0.0,2237
Query_7957783,CP014151.1,99.672,1220,4,0,1,1220,78166,79385,0.0,2231
Query_7957783,CP014151.1,99.672,1220,4,0,1,1220,529293,530512,0.0,2231
Query_7957783,CP014151.1,99.590,1220,5,0,1,1220,9367,10586,0.0,2226
Query_7957783,CP014151.1,99.590,1220,5,0,1,1220,71606,72825,0.0,2226
Query_7957783,CP014151.1,99.590,1220,5,0,1,1220,85967,87186,0.0,2226
Query_7957783,CP014151.1,99.590,1220,5,0,1,1220,92972,94191,0.0,2226
Query_7957783,CP014151.1,99.590,1220,5,0,1,1220,99190,100409,0.0,2226
Query_7957783,CP014151.1,99.590,1220,5,0,1,1220,3797337,3796118,0.0,2226
Query_7957783,OQ607146.1,99.836,1216,2,0,5,1220,2,1217,0.0,2235
Query_7957783,LC145546.1,99.836,1216,2,0,5,1220,1,1216,0.0,2235
Query_7957783,AB627077.1,99.836,1216,2,0,5,1220,1,1216,0.0,2235
Query_7957783,OQ607142.1,99.836,1216,2,0,5,1220,2,1217,0.0,2235
Query_7957783,JN092128.1,99.836,1216,2,0,5,1220,1,1216,0.0,2235
Query_7957783,OQ607765.1,99.836,1216,2,0,5,1220,2,1217,0.0,2235
Query_7957783,GQ167179.1,99.918,1213,1,0,8,1220,1,1213,0.0,2235
Query_7957783,LN870314.1,99.836,1216,2,0,5,1220,1,1216,0.0,2235
Query_7957783,GQ167169.1,99.918,1213,1,0,8,1220,1,1213,0.0,2235
Query_7957783,OQ607767.1,99.836,1216,2,0,5,1220,2,1217,0.0,2235
Query_7957783,NR_113245.1,99.836,1216,2,0,5,1220,1,1216,0.0,2235
Query_7957783,OQ607938.1,99.836,1216,2,0,5,1220,2,1217,0.0,2235
Query_7957783,AP025140.1,99.672,1220,4,0,1,1220,9235,10454,0.0,2231
Query_7957783,AP025140.1,99.672,1220,4,0,1,1220,48855,50074,0.0,2231
Query_7957783,AP025140.1,99.672,1220,4,0,1,1220,70237,71456,0.0,2231
Query_7957783,AP025140.1,99.672,1220,4,0,1,1220,3708652,3707433,0.0,2231
Query_7957783,AP025140.1,99.590,1220,5,0,1,1220,56849,58068,0.0,2226
Query_7957783,AP025140.1,99.508,1220,6,0,1,1220,42261,43480,0.0,2220
Query_7957783,AP025140.1,99.508,1220,6,0,1,1220,63902,65121,0.0,2220
Query_7957783,AP025140.1,99.508,1220,6,0,1,1220,493040,494259,0.0,2220
Query_7957783,AP025140.1,99.508,1220,6,0,1,1220,3713875,3712656,0.0,2220
Query_7957783,CP022396.1,99.672,1220,4,0,1,1220,9309,10528,0.0,2231
Query_7957783,CP022396.1,99.672,1220,4,0,1,1220,42716,43935,0.0,2231
Query_7957783,CP022396.1,99.672,1220,4,0,1,1220,49272,50491,0.0,2231
Query_7957783,CP022396.1,99.672,1220,4,0,1,1220,57136,58355,0.0,2231
Query_7957783,CP022396.1,99.672,1220,4,0,1,1220,64144,65363,0.0,2231
Query_7957783,CP022396.1,99.672,1220,4,0,1,1220,70424,71643,0.0,2231
Query_7957783,CP022396.1,99.672,1220,4,0,1,1220,512007,513226,0.0,2231
Query_7957783,CP022396.1,99.672,1220,4,0,1,1220,4074692,4073473,0.0,2231
Query_7957783,CP022396.1,99.672,1220,4,0,1,1220,4079916,4078697,0.0,2231
Query_7957783,CP069280.1,99.672,1220,4,0,1,1220,56771,57990,0.0,2231
Query_7957783,CP069280.1,99.672,1220,4,0,1,1220,487948,489167,0.0,2231
Query_7957783,CP069280.1,99.590,1220,5,0,1,1220,70163,71382,0.0,2226
Query_7957783,CP069280.1,99.508,1220,6,0,1,1220,9265,10484,0.0,2220
Query_7957783,CP069280.1,99.508,1220,6,0,1,1220,41487,42706,0.0,2220
Query_7957783,CP069280.1,99.508,1220,6,0,1,1220,63828,65047,0.0,2220
Query_7957783,CP069280.1,99.508,1220,6,0,1,1220,3962472,3961253,0.0,2220
Query_7957783,CP069280.1,99.426,1220,7,0,1,1220,48086,49305,0.0,2215
Query_7957783,CP069280.1,99.262,1220,9,0,1,1220,3957256,3956037,0.0,2204
Query_7957783,CP102917.1,99.672,1220,4,0,1,1220,42261,43480,0.0,2231
Query_7957783,CP102917.1,99.672,1220,4,0,1,1220,55911,57130,0.0,2231
Query_7957783,CP102917.1,99.672,1220,4,0,1,1220,62242,63461,0.0,2231
Query_7957783,CP102917.1,99.672,1220,4,0,1,1220,3841110,3839891,0.0,2231
Query_7957783,CP102917.1,99.672,1220,4,0,1,1220,3846331,3845112,0.0,2231
Query_7957783,CP102917.1,99.590,1220,5,0,1,1220,48853,50072,0.0,2226
Query_7957783,CP102917.1,99.508,1220,6,0,1,1220,9220,10439,0.0,2220
Query_7957783,CP102917.1,99.262,1220,9,0,1,1220,481921,483140,0.0,2204
Query_7957783,CP013849.1,99.672,1220,4,0,1,1220,57636,58855,0.0,2231
Query_7957783,CP013849.1,99.672,1220,4,0,1,1220,523439,524658,0.0,2231
Query_7957783,CP013849.1,99.672,1220,4,0,1,1220,3779868,3778649,0.0,2231
Query_7957783,CP013849.1,99.672,1220,4,0,1,1220,3785091,3783872,0.0,2231
Query_7957783,CP013849.1,99.590,1220,5,0,1,1220,9794,11013,0.0,2226
Query_7957783,CP013849.1,99.590,1220,5,0,1,1220,43134,44353,0.0,2226
Query_7957783,CP013849.1,99.590,1220,5,0,1,1220,49773,50992,0.0,2226
Query_7957783,CP013849.1,99.590,1220,5,0,1,1220,64318,65537,0.0,2226
Query_7957783,CP013849.1,99.508,1220,6,0,1,1220,70535,71754,0.0,2220
Query_7957783,CP102909.1,99.672,1220,4,0,1,1220,42261,43480,0.0,2231
Query_7957783,CP102909.1,99.672,1220,4,0,1,1220,55911,57130,0.0,2231
Query_7957783,CP102909.1,99.672,1220,4,0,1,1220,62247,63466,0.0,2231
Query_7957783,CP102909.1,99.672,1220,4,0,1,1220,3841114,3839895,0.0,2231
Query_7957783,CP102909.1,99.672,1220,4,0,1,1220,3846335,3845116,0.0,2231
Query_7957783,CP102909.1,99.590,1220,5,0,1,1220,48853,50072,0.0,2226
Query_7957783,CP102909.1,99.508,1220,6,0,1,1220,9220,10439,0.0,2220
Query_7957783,CP102909.1,99.262,1220,9,0,1,1220,481926,483145,0.0,2204
Query_7957783,CP013707.1,99.672,1220,4,0,1,1220,3711286,3710067,0.0,2231
Query_7957783,CP013707.1,99.672,1220,4,0,1,1220,3716509,3715290,0.0,2231
Query_7957783,CP013707.1,99.590,1220,5,0,1,1220,48425,49644,0.0,2226
Query_7957783,CP013707.1,99.590,1220,5,0,1,1220,55018,56237,0.0,2226
Query_7957783,CP013707.1,99.590,1220,5,0,1,1220,63011,64230,0.0,2226
Query_7957783,CP013707.1,99.590,1220,5,0,1,1220,70070,71289,0.0,2226
Query_7957783,CP013707.1,99.508,1220,6,0,1,1220,15384,16603,0.0,2220
Query_7957783,CP013707.1,99.508,1220,6,0,1,1220,76405,77624,0.0,2220
Query_7957783,CP013707.1,99.426,1220,7,0,1,1220,498884,500103,0.0,2215
Query_7957783,CP002011.1,99.672,1220,4,0,1,1220,9250,10469,0.0,2231
Query_7957783,CP002011.1,99.672,1220,4,0,1,1220,43874,45093,0.0,2231
Query_7957783,CP002011.1,99.672,1220,4,0,1,1220,50392,51611,0.0,2231
Query_7957783,CP002011.1,99.672,1220,4,0,1,1220,58257,59476,0.0,2231
Query_7957783,CP002011.1,99.672,1220,4,0,1,1220,71544,72763,0.0,2231
Query_7957783,CP002011.1,99.672,1220,4,0,1,1220,500410,501629,0.0,2231
Query_7957783,CP002011.1,99.672,1220,4,0,1,1220,3852438,3851219,0.0,2231
Query_7957783,CP002011.1,99.672,1220,4,0,1,1220,3857663,3856444,0.0,2231
Query_7957783,CP002011.1,99.590,1220,5,0,1,1220,65264,66483,0.0,2226
Query_7957783,CP013296.1,99.672,1220,4,0,1,1220,1326741,1327960,0.0,2231
Query_7957783,CP013296.1,99.672,1220,4,0,1,1220,1333297,1334516,0.0,2231
Query_7957783,CP013296.1,99.672,1220,4,0,1,1220,1341161,1342380,0.0,2231
Query_7957783,CP013296.1,99.590,1220,5,0,1,1220,1138609,1137390,0.0,2226
Query_7957783,CP013296.1,99.590,1220,5,0,1,1220,1348169,1349388,0.0,2226
Query_7957783,CP013296.1,99.590,1220,5,0,1,1220,1354449,1355668,0.0,2226
Query_7957783,CP013296.1,99.590,1220,5,0,1,1220,1808260,1809479,0.0,2226
Query_7957783,CP013296.1,99.508,1220,6,0,1,1220,1278621,1279840,0.0,2220
Query_7957783,CP013296.1,84.161,1269,142,31,1,1220,1133232,1131974,0.0,1175
Query_7957783,CP013681.1,99.672,1220,4,0,1,1220,3605504,3606723,0.0,2231
Query_7957783,CP013681.1,99.672,1220,4,0,1,1220,3612060,3613279,0.0,2231
Query_7957783,CP013681.1,99.672,1220,4,0,1,1220,3619924,3621143,0.0,2231
Query_7957783,CP013681.1,99.590,1220,5,0,1,1220,3426311,3425092,0.0,2226
Query_7957783,CP013681.1,99.590,1220,5,0,1,1220,3431535,3430316,0.0,2226
Query_7957783,CP013681.1,99.590,1220,5,0,1,1220,3626932,3628151,0.0,2226
Query_7957783,CP013681.1,99.590,1220,5,0,1,1220,3633212,3634431,0.0,2226
Query_7957783,CP013681.1,99.590,1220,5,0,1,1220,4087030,4088249,0.0,2226
Query_7957783,CP013681.1,99.508,1220,6,0,1,1220,3572092,3573311,0.0,2220
Query_7957783,CP022403.1,99.672,1220,4,0,1,1220,9241,10460,0.0,2231
Query_7957783,CP022403.1,99.672,1220,4,0,1,1220,47906,49125,0.0,2231
Query_7957783,CP022403.1,99.672,1220,4,0,1,1220,54438,55657,0.0,2231
Query_7957783,CP022403.1,99.672,1220,4,0,1,1220,62303,63522,0.0,2231
Query_7957783,CP022403.1,99.672,1220,4,0,1,1220,69298,70517,0.0,2231
Query_7957783,CP022403.1,99.672,1220,4,0,1,1220,75577,76796,0.0,2231
Query_7957783,CP022403.1,99.672,1220,4,0,1,1220,557286,558505,0.0,2231
Query_7957783,CP022403.1,99.672,1220,4,0,1,1220,3794150,3792931,0.0,2231
Query_7957783,CP022403.1,99.672,1220,4,0,1,1220,3799310,3798091,0.0,2231
Query_7957783,CP013857.1,99.672,1220,4,0,1,1220,684106,682887,0.0,2231
Query_7957783,CP013857.1,99.590,1220,5,0,1,1220,829585,830804,0.0,2226
Query_7957783,CP013857.1,99.590,1220,5,0,1,1220,862627,863846,0.0,2226
Query_7957783,CP013857.1,99.590,1220,5,0,1,1220,870557,871776,0.0,2226
Query_7957783,CP013857.1,99.590,1220,5,0,1,1220,883952,885171,0.0,2226
Query_7957783,CP013857.1,99.508,1220,6,0,1,1220,689328,688109,0.0,2220
Query_7957783,CP013857.1,99.508,1220,6,0,1,1220,1307526,1308745,0.0,2220
Query_7957783,CP013857.1,99.427,1221,6,1,1,1220,877616,878836,0.0,2215
Query_7957783,CP013847.1,99.672,1220,4,0,1,1220,42863,44082,0.0,2231
Query_7957783,CP013847.1,99.672,1220,4,0,1,1220,57283,58502,0.0,2231
Query_7957783,CP013847.1,99.590,1220,5,0,1,1220,49419,50638,0.0,2226
Query_7957783,CP013847.1,99.590,1220,5,0,1,1220,64293,65512,0.0,2226
Query_7957783,CP013847.1,99.590,1220,5,0,1,1220,528184,529403,0.0,2226
Query_7957783,CP013847.1,99.590,1220,5,0,1,1220,3980531,3979312,0.0,2226
Query_7957783,CP013847.1,99.590,1220,5,0,1,1220,3985755,3984536,0.0,2226
Query_7957783,CP013847.1,99.508,1220,6,0,1,1220,9450,10669,0.0,2220
Query_7957783,CP013847.1,99.508,1220,6,0,1,1220,70573,71792,0.0,2220
Query_7957783,CP013683.1,99.672,1220,4,0,1,1220,198569,199788,0.0,2231
Query_7957783,CP013683.1,99.590,1220,5,0,1,1220,204848,206067,0.0,2226
Query_7957783,CP013683.1,99.590,1220,5,0,1,1220,3926279,3925060,0.0,2226
Query_7957783,CP013683.1,99.508,1220,6,0,1,1220,138467,139686,0.0,2220
Query_7957783,CP013683.1,99.508,1220,6,0,1,1220,177133,178352,0.0,2220
Query_7957783,CP013683.1,99.508,1220,6,0,1,1220,191574,192793,0.0,2220
Query_7957783,CP013683.1,99.508,1220,6,0,1,1220,686706,687925,0.0,2220
Query_7957783,CP013683.1,99.508,1220,6,0,1,1220,3921119,3919900,0.0,2220
Query_7957783,CP013683.1,99.426,1220,7,0,1,1220,183709,184928,0.0,2215
Query_7957783,CP000728.1,99.672,1220,4,0,1,1220,9249,10468,0.0,2231
Query_7957783,CP000728.1,99.672,1220,4,0,1,1220,50324,51543,0.0,2231
Query_7957783,CP000728.1,99.672,1220,4,0,1,1220,58124,59343,0.0,2231
Query_7957783,CP000728.1,99.672,1220,4,0,1,1220,500140,501359,0.0,2231
Query_7957783,CP000728.1,99.672,1220,4,0,1,1220,3853821,3852602,0.0,2231
Query_7957783,CP000728.1,99.672,1220,4,0,1,1220,3859042,3857823,0.0,2231
Query_7957783,CP000728.1,99.590,1220,5,0,1,1220,43806,45025,0.0,2226
Query_7957783,CP000728.1,99.590,1220,5,0,1,1220,71343,72562,0.0,2226
Query_7957783,CP000728.1,99.508,1220,6,0,1,1220,65129,66348,0.0,2220
Query_7957783,DQ278865.1,99.835,1214,2,0,7,1220,2,1215,0.0,2231
Query_7957783,CP022395.1,99.672,1220,4,0,1,1220,9249,10468,0.0,2231
Query_7957783,CP022395.1,99.672,1220,4,0,1,1220,42660,43879,0.0,2231
Query_7957783,CP022395.1,99.672,1220,4,0,1,1220,49216,50435,0.0,2231
Query_7957783,CP022395.1,99.672,1220,4,0,1,1220,57078,58297,0.0,2231
Query_7957783,CP022395.1,99.672,1220,4,0,1,1220,64086,65305,0.0,2231
Query_7957783,CP022395.1,99.672,1220,4,0,1,1220,70302,71521,0.0,2231
Query_7957783,CP022395.1,99.672,1220,4,0,1,1220,544957,546176,0.0,2231
Query_7957783,CP022395.1,99.672,1220,4,0,1,1220,3841992,3840773,0.0,2231
Query_7957783,CP022395.1,99.672,1220,4,0,1,1220,3847216,3845997,0.0,2231
Query_7957783,CP022400.1,99.672,1220,4,0,1,1220,57209,58428,0.0,2231
Query_7957783,CP022400.1,99.590,1220,5,0,1,1220,49345,50564,0.0,2226
Query_7957783,CP022400.1,99.590,1220,5,0,1,1220,64216,65435,0.0,2226
Query_7957783,CP022400.1,99.590,1220,5,0,1,1220,524152,525371,0.0,2226
Query_7957783,CP022400.1,99.590,1220,5,0,1,1220,3982310,3981091,0.0,2226
Query_7957783,CP022400.1,99.590,1220,5,0,1,1220,3987532,3986313,0.0,2226
Query_7957783,CP022400.1,99.508,1220,6,0,1,1220,9369,10588,0.0,2220
Query_7957783,CP022400.1,99.508,1220,6,0,1,1220,42790,44009,0.0,2220
Query_7957783,CP022400.1,99.509,1221,5,1,1,1220,70496,71716,0.0,2220
Query_7957783,CP001083.1,99.672,1220,4,0,1,1220,42439,43658,0.0,2231
Query_7957783,CP001083.1,99.672,1220,4,0,1,1220,64081,65300,0.0,2231
Query_7957783,CP001083.1,99.672,1220,4,0,1,1220,70417,71636,0.0,2231
Query_7957783,CP001083.1,99.590,1220,5,0,1,1220,9398,10617,0.0,2226
Query_7957783,CP001083.1,99.590,1220,5,0,1,1220,49031,50250,0.0,2226
Query_7957783,CP001083.1,99.590,1220,5,0,1,1220,57023,58242,0.0,2226
Query_7957783,CP001083.1,99.590,1220,5,0,1,1220,3841708,3840489,0.0,2226
Query_7957783,CP001083.1,99.508,1220,6,0,1,1220,3846931,3845712,0.0,2220
Query_7957783,CP001083.1,99.426,1220,7,0,1,1220,491329,492548,0.0,2215
Query_7957783,CP014148.1,99.672,1220,4,0,1,1220,602303,603522,0.0,2231
Query_7957783,CP014148.1,99.590,1220,5,0,1,1220,159536,160755,0.0,2226
Query_7957783,CP014148.1,99.590,1220,5,0,1,1220,173958,175177,0.0,2226
Query_7957783,CP014148.1,99.590,1220,5,0,1,1220,180963,182182,0.0,2226
Query_7957783,CP014148.1,99.590,1220,5,0,1,1220,3929945,3928726,0.0,2226
Query_7957783,CP014148.1,99.508,1220,6,0,1,1220,120857,122076,0.0,2220
Query_7957783,CP014148.1,99.508,1220,6,0,1,1220,166094,167313,0.0,2220
Query_7957783,CP014148.1,99.508,1220,6,0,1,1220,3935168,3933949,0.0,2220
Query_7957783,CP014148.1,99.426,1220,7,0,1,1220,187244,188463,0.0,2215
Query_7957783,CP013247.1,99.672,1220,4,0,1,1220,2424441,2423222,0.0,2231
Query_7957783,CP013247.1,99.672,1220,4,0,1,1220,2619841,2621060,0.0,2231
Query_7957783,CP013247.1,99.672,1220,4,0,1,1220,3085643,3086862,0.0,2231
Query_7957783,CP013247.1,99.590,1220,5,0,1,1220,2571999,2573218,0.0,2226
Query_7957783,CP013247.1,99.590,1220,5,0,1,1220,2605339,2606558,0.0,2226
Query_7957783,CP013247.1,99.590,1220,5,0,1,1220,2611978,2613197,0.0,2226
Query_7957783,CP013247.1,99.590,1220,5,0,1,1220,2626523,2627742,0.0,2226
Query_7957783,CP013247.1,99.508,1220,6,0,1,1220,2632740,2633959,0.0,2220
Query_7957783,CP013247.1,99.426,1220,4,3,1,1220,2429660,2428444,0.0,2211
Query_7957783,CP000939.1,99.672,1220,4,0,1,1220,55147,56366,0.0,2231
Query_7957783,CP000939.1,99.672,1220,4,0,1,1220,63068,64287,0.0,2231
Query_7957783,CP000939.1,99.672,1220,4,0,1,1220,76292,77511,0.0,2231
Query_7957783,CP000939.1,99.672,1220,4,0,1,1220,520527,521746,0.0,2231
Query_7957783,CP000939.1,99.672,1220,4,0,1,1220,3827250,3826031,0.0,2231
Query_7957783,CP000939.1,99.590,1220,5,0,1,1220,48540,49759,0.0,2226
Query_7957783,CP000939.1,99.590,1220,5,0,1,1220,70010,71229,0.0,2226
Query_7957783,CP000939.1,99.590,1220,5,0,1,1220,3822026,3820807,0.0,2226
Query_7957783,CP000939.1,99.508,1220,6,0,1,1220,9367,10586,0.0,2220
Query_7957783,CP001581.1,99.672,1220,4,0,1,1220,42863,44082,0.0,2231
Query_7957783,CP001581.1,99.672,1220,4,0,1,1220,57283,58502,0.0,2231
Query_7957783,CP001581.1,99.590,1220,5,0,1,1220,49419,50638,0.0,2226
Query_7957783,CP001581.1,99.590,1220,5,0,1,1220,64293,65512,0.0,2226
Query_7957783,CP001581.1,99.590,1220,5,0,1,1220,70573,71792,0.0,2226
Query_7957783,CP001581.1,99.590,1220,5,0,1,1220,528151,529370,0.0,2226
Query_7957783,CP001581.1,99.590,1220,5,0,1,1220,4018953,4017734,0.0,2226
Query_7957783,CP001581.1,99.590,1220,5,0,1,1220,4024177,4022958,0.0,2226
Query_7957783,CP001581.1,99.508,1220,6,0,1,1220,9450,10669,0.0,2220
Query_7957783,CP059677.1,99.672,1220,4,0,1,1220,490743,491962,0.0,2231
Query_7957783,CP059677.1,99.672,1220,4,0,1,1220,3775943,3774724,0.0,2231
Query_7957783,CP059677.1,99.590,1220,5,0,1,1220,47988,49207,0.0,2226
Query_7957783,CP059677.1,99.590,1220,5,0,1,1220,54546,55765,0.0,2226
Query_7957783,CP059677.1,99.590,1220,5,0,1,1220,62410,63629,0.0,2226
Query_7957783,CP059677.1,99.590,1220,5,0,1,1220,69415,70634,0.0,2226
Query_7957783,CP059677.1,99.508,1220,6,0,1,1220,9314,10533,0.0,2220
Query_7957783,CP059677.1,99.508,1220,6,0,1,1220,75696,76915,0.0,2220
Query_7957783,CP059677.1,99.508,1220,6,0,1,1220,3781166,3779947,0.0,2220
Query_7957783,AB600535.1,99.753,1216,3,0,5,1220,1,1216,0.0,2230
Query_7957783,AB600544.1,99.753,1216,3,0,5,1220,1,1216,0.0,2230
Query_7957783,MG334166.1,99.753,1216,3,0,5,1220,2,1217,0.0,2230
Query_7957783,OQ147121.1,99.753,1216,3,0,5,1220,2,1217,0.0,2230
Query_7957783,JQ624324.1,99.672,1220,3,1,1,1220,1,1219,0.0,2230
Query_7957783,LC193833.1,99.753,1216,3,0,5,1220,2,1217,0.0,2230
Query_7957783,OQ147123.1,99.753,1216,3,0,5,1220,2,1217,0.0,2230
Query_7957783,GQ167175.1,99.835,1213,2,0,8,1220,1,1213,0.0,2230
Query_7957783,OQ607772.1,99.753,1216,3,0,5,1220,2,1217,0.0,2230
Query_7957783,MT356150.1,99.753,1216,3,0,5,1220,23,1238,0.0,2230
Query_7957783,CP031098.1,99.590,1220,5,0,1,1220,2761838,2760619,0.0,2226
Query_7957783,CP031098.1,99.590,1220,5,0,1,1220,2768843,2767624,0.0,2226
Query_7957783,CP031098.1,99.590,1220,5,0,1,1220,2776707,2775488,0.0,2226
Query_7957783,CP031098.1,99.590,1220,5,0,1,1220,2783265,2782046,0.0,2226
Query_7957783,CP031098.1,99.590,1220,5,0,1,1220,2967628,2968847,0.0,2226
Query_7957783,CP031098.1,99.508,1220,6,0,1,1220,2755557,2754338,0.0,2220
Query_7957783,CP031098.1,99.508,1220,6,0,1,1220,2821939,2820720,0.0,2220
Query_7957783,CP031098.1,99.508,1220,6,0,1,1220,2962405,2963624,0.0,2220
Query_7957783,CP031098.1,98.934,1220,13,0,1,1220,2340497,2339278,0.0,2182
Query_7957783,CP050820.1,99.590,1220,5,0,1,1220,4836,3617,0.0,2226
Query_7957783,CP050820.1,99.590,1220,5,0,1,1220,145106,146325,0.0,2226
Query_7957783,CP050820.1,99.508,1220,6,0,1,1220,150329,151548,0.0,2220
Query_7957783,CP050820.1,99.508,1220,6,0,1,1220,3448620,3447401,0.0,2220
Query_7957783,CP050820.1,99.427,1221,6,1,1,1220,3925455,3924235,0.0,2215
Query_7957783,CP050820.1,99.345,1221,6,2,1,1220,3940519,3939300,0.0,2209
Query_7957783,CP050820.1,99.184,1225,5,4,1,1220,3919110,3917886,0.0,2202
Query_7957783,CP050820.1,99.263,1221,5,4,1,1220,3947176,3945959,0.0,2202
Query_7957783,CP050820.1,99.182,1223,4,5,1,1220,3932519,3931300,0.0,2198
Query_7957783,LN998084.1,99.835,1211,2,0,10,1220,1,1211,0.0,2226
Query_7957783,CP031097.1,99.590,1220,5,0,1,1220,2427542,2426323,0.0,2226
Query_7957783,CP031097.1,99.590,1220,5,0,1,1220,2460572,2459353,0.0,2226
Query_7957783,CP031097.1,99.509,1221,4,2,1,1220,2405928,2404709,0.0,2220
Query_7957783,CP031097.1,99.508,1220,6,0,1,1220,2600833,2602052,0.0,2220
Query_7957783,CP031097.1,99.508,1220,4,2,1,1220,2412976,2411759,0.0,2218
Query_7957783,CP031097.1,99.508,1220,3,3,1,1220,2399602,2398386,0.0,2217
Query_7957783,CP031097.1,99.427,1222,5,2,1,1220,2611286,2612507,0.0,2217
Query_7957783,CP031097.1,99.262,1220,9,0,1,1220,2606055,2607274,0.0,2204
Query_7957783,CP031097.1,99.183,1224,6,4,1,1220,1978689,1977466,0.0,2202
Query_7957783,CP031097.1,99.098,1220,5,6,1,1220,2420958,2419745,0.0,2187
Query_7957783,X68185.1,99.671,1217,4,0,4,1220,8,1224,0.0,2226
Query_7957783,OR342405.1,99.835,1211,2,0,10,1220,1,1211,0.0,2226
Query_7957783,CP050251.1,99.590,1220,5,0,1,1220,3723662,3722443,0.0,2226
Query_7957783,CP050251.1,99.590,1220,5,0,1,1220,3737059,3735840,0.0,2226
Query_7957783,CP050251.1,99.590,1220,5,0,1,1220,3745052,3743833,0.0,2226
Query_7957783,CP050251.1,99.590,1220,5,0,1,1220,3751708,3750489,0.0,2226
Query_7957783,CP050251.1,99.508,1220,6,0,1,1220,5337,6556,0.0,2220
Query_7957783,CP050251.1,99.508,1220,6,0,1,1220,3729999,3728780,0.0,2220
Query_7957783,CP050251.1,99.426,1220,7,0,1,1220,115,1334,0.0,2215
Query_7957783,CP050251.1,99.426,1220,7,0,1,1220,3303608,3302389,0.0,2215
Query_7957783,CP050251.1,99.426,1220,7,0,1,1220,3784748,3783529,0.0,2215


